achieve	を達成する	を放棄する	を観察する	を延期する
consider	を検討する	を拒絶する	を訪問する	を比較する
provide	を提供する	を奪う	を破壊する	を制限する
increase	が増加する	が減少する	が消滅する	が爆発する
accept	を受け入れる	を拒絶する	を無視する	を批判する
allow	を許可する	を禁止する	を説得する	を罰する
allowance	手当・お小遣い	罰金	借金	給料
require	を必要とする	を拒否する	を削除する	を推奨する
remain	のままである	を移動させる	を変化させる	を開始する
contain	を含んでいる	を排除する	を製造する	を消費する
depend	依存する	独立する	主張する	我慢する
affect	に影響を与える	を無視する	を保護する	を測定する
effect	効果・影響	原因	危険	欠点
effort	努力	怠惰	失敗	後悔
regard	をみなす	を否定する	を忘れる	を歓迎する
describe	を描写する	を隠す	を解釈する	を想像する
description	描写・説明	沈黙	混乱	反論
improve	を改善する	を悪化させる	を維持する	を無視する
improvement	改善・向上	悪化	低下	維持
encourage	を励ます	を落胆させる	を脅迫する	を批判する
courage	勇気	恐怖	怒り	絶望
reduce	を減らす	を増やす	を維持する	を拡張する
reduction	削減・減少	増加	拡大	維持
establish	を設立する	を解散する	を攻撃する	を調査する
establishment	設立・施設	解散	破壊	延期
express	を表現する	を隠す	を誤解する	を否定する
expression	表現・表情	沈黙	偽造	無視
replace	に取って代わる	を保持する	を放置する	を破壊する
replacement	交換・後任	維持	放置	発見
suffer	苦しむ	楽しむ	満足する	克服する
suffering	苦しみ・苦難	喜び	幸福	成功
suggest	を提案する	を強制する	を否定する	を撤回する
suggestion	提案・暗示	命令	拒絶	決定
prefer	を好む	を嫌う	を無視する	を比較する
preference	好み・優先	嫌悪	平順	無視
introduce	を紹介する	を追放する	を終了する	を隠蔽する
introduction	紹介・導入	追放	終了	隠蔽
disappoint	を失望させる	を喜ばせる	を感心させる	を安心させる
disappointment	失望・落胆	歓喜	期待	安らぎ
disaster	災害・惨事	幸運	成功	祝賀
disastrous	破滅的な	幸運な	素晴らしい	軽微な
frighten	を怖がらせる	を安心させる	を喜ばせる	を退屈させる
fright	恐怖・驚かすこと	安心	歓喜	平静
frightened	怯えた	落ち着いた	興奮した	満足した
anxious	心配して	安心した	無関心な	自信に満ちた
anxiety	不安・心配	安心	歓喜	自信
embarrass	に恥ずかしい思いをさせる	を誇りに思わせる	を安心させる	を力づける
embarrassment	困惑・恥ずかしさ	誇り	安心	勇気
apologize	謝罪する	非難する	言い訳する	自慢する
apology	謝罪・お詫び	非難	賞賛	言い訳
sympathy	同情・共感	反感	無関心	嫉妬
sympathize	同情する	攻撃する	無視する	嫉妬する
attitude	態度・姿勢	感情	知能	性格
ability	能力	欠陥	努力	限界
enable	を可能にする	を妨げる	を禁止する	を免除する
unable	できない	できる	熟練した	準備できた
capacity	能力・容容量	限界	無能	欠陥
incapable	能力がない	有能な	適した	準備された
opportunity	機会・チャンス	障害	危機	義務
favorable	好都合な	不利な	不快な	無関心な
unfavorable	生憎の・不利な	好都合な	望ましい	有利な
convenient	都合が良い	不便な	複雑な	退屈な
convenience	便利さ・都合	不便	邪魔	混乱
inconvenient	不便な	便利な	簡単な	快適な
essential	不可欠な	不要な	一時的な	専門的な
essence	本質・真髄	表面	嘘	外見
necessary	必要な	不要な	贅沢な	例外的な
necessity	必要性	不要	奢侈	浪費
unnecessary	不要な	必要な	緊急の	必須の
obvious	明らかな	曖昧な	隠された	複雑な
obviously	明らかに	疑わしく	めったに	ひそかに
evident	明白な	疑わしい	不確実な	隠された
evidence	証拠・形跡	憶測	嘘	秘密
apparent	明白な・見たところの	隠された	複雑な	不確実な
definitely	明確に・絶対に	曖昧に	たぶん	めったに
definite	明確な	曖昧な	変わりやすい	不定の
indefinite	不明確な	明確な	決まった	絶対的な
particular	特定の・特別な	一般的な	平凡な	無作為な
particularly	特に	一般に	たまに	普通は
general	一般的な	特定の	珍しい	個人的な
generally	一般的に	例外的に	めったに	個別に
generous	気前の良い	ケチな	厳格な	冷酷な
generosity	気前良さ・寛大さ	ケチ	厳格	冷酷
individual	個人の・個々の	集団の	社会の	世界的な
individuality	個性・個体性	同質性	集団性	平凡
frequent	頻繁な	まれな	一時的な	過去の
frequently	頻繁に	たまに	めったに	二度と
frequency	頻度・周波数	稀少	停止	期間
rare	珍しい	一般的な	頻繁な	普通の
rarely	めったに〜ない	よく〜する	常に	頻繁に
seldom	滅多に〜ない	しばしば	常に	絶対に
occasional	時々の	連続した	毎日の	絶え間ない
occasionally	時々	常に	頻繁に	絶え間なく
continual	断続的な・度々の	一回限りの	終了した	稀な
continuous	切れ目のない	断続的な	不定期な	一時的な
permanent	永久の・永続的な	一時的な	可変の	瞬間の
temporary	一時的な	永久の	不変の	長期的の
constant	絶え間ない	変化しやすい	一時的な	不定期の
constantly	絶え間なく	たまに	二度と	時々
acquire	を獲得する	を放棄する	を失う	を拒絶する
acquisition	獲得・習得	喪失	放棄	拒絶
abandon	を捨てる・放棄する	を維持する	を保護する	を追求する
attempt	を試みる	をあきらめる	を完了する	を拒否する
attract	を引きつける	を遠ざける	を無視する	を攻撃する
attractive	魅力的な	不快な	退屈な	恐ろしい
attraction	魅力・観光名所	嫌悪	危険	障害
authority	権威・当局	無力	従属	反乱
benefit	利益・給付金	損失	危害	欠点
beneficial	有益な	有害な	無意味な	危険な
candidate	候補者	合格者	面接官	辞退者
character	性格・登場人物	体格	無個性	背景
characteristic	特徴的な	標準的な	一般的な	不自然な
claim	を主張する	を撤回する	を隠蔽する	を認める
combine	を結合させる	を分離する	を破壊する	を削減する
combination	組み合わせ・結合	分離	分解	独立
compare	を比較する	を同一視する	を無視する	を孤立させる
comparison	比較	対立	調和	同等
compete	競争する	協力する	辞退する	譲歩する
competition	競争・コンテスト	協力	調和	協定
competitive	競争の激しい	友好的な	無頓着な	圧倒的な
competitor	競合相手	協力者	仲裁人	観客
complain	不満を言う	感謝する	称賛する	納得する
complaint	苦情・不満	感謝	賞賛	同意
concentrate	集中する	分散する	油断する	散歩する
concentration	集中力	散漫	分離	拡張
concern	に関係する・心配させる	を安心させる	を無視する	を満足させる
conclude	と結論付ける	を開始する	を再開する	を延期する
conclusion	結論	序論	中断	発端
conduct	を行う・導く	を妨害する	を怠る	を放棄する
confirm	を確認する・裏付ける	を否定する	を疑う	を隠す
confirmation	確認・確証	否定	疑念	破棄
consequence	結果・影響	原因	始まり	意図
consequent	結果として起こる	原因となる	予期せぬ	事前の
considerable	かなりの・相当な	わずかな	無視できる	些細な
considerate	思いやりのある	冷淡な	無礼な	頑固な
content	満足して	不満で	絶望して	興奮して
contribute	貢献する・寄付する	妨害する	奪う	浪費する
contribution	貢献・寄付	妨害	浪費	強奪
convince	を納得させる	を疑わせる	を誤解させる	を裏切る
convincing	説得力のある	疑わしい	曖昧な	不快な
criticize	を批判する	を褒める	を支援する	を許す
criticism	批判・批評	称賛	同意	援助
critical	批判的な・危機的な	肯定的な	安全な	満足な
crucial	決定的な・極めて重要な	些細な	無関係な	二次的な
decade	10年間	1年間	100年間	半世紀
delay	を遅らせる	を促進する	を完了する	を開始する
demand	を要求する	を供給する	を譲歩する	を放棄する
demonstrate	を実演・証明する	を隠す	を否定する	を捏造する
demonstration	実演・デモ	隠蔽	否定	撤回
departure	出発	到着	滞在	延期
desire	を強く望む	を嫌う	を拒絶する	を恐れる
desirable	望ましい	望ましくない	不快な	無意味な
determine	を決定する	を躊躇する	を保留する	を撤回する
determined	決意した	迷っている	不安な	無関心な
determination	決意・決定	躊躇	不快	妥協
disappear	消える	現れる	拡大する	接近する
disappearance	消失・失踪	出現	誕生	増加
discover	を発見する	を隠す	を失う	を放置する
discovery	発見	隠蔽	喪失	忘却
display	を表示・展示する	を隠す	を削除する	を破棄する
distribute	を分配する	を集める	を所有する	を消費する
distribution	分配・流通	収集	独占	貯蔵
donate	を寄付する	を奪う	を売却する	を請求する
donation	寄付・寄贈	徴収	売却	盗難
economic	経済の	文化的な	個人的な	環境の
economical	経済的な・節約になる	浪費する	高価な	贅沢な
economy	経済・節約	浪費	過剰	贅沢
effective	効果的な	無効な	有害な	非効率な
efficiency	効率・能率	非効率	無駄	低迷
efficient	効率的な	非効率な	無駄の多い	怠惰な
emerge	現れる・明らかになる	消える	隠れる	後退する
emergence	出現・発生	消失	衰退	隠蔽
emergency	緊急事態	日常	平和	計画
emphasize	を強調する	を軽視する	を無視する	を削除する
emphasis	強調	軽視	無視	省略
entire	全体の・完全な	一部の	不完全な	限定的な
entirely	完全に・まったく	部分的に	わずかに	ほぼ
environment	環境	遺産	施設	制度
environmental	環境の	個人的な	社会的な	人工的な
evaluate	を評価する	を無視する	を捏造する	を批判する
evaluation	評価・査定	放置	批判	見落とし
expand	を拡大する	を縮小する	を維持する	を破壊する
expansion	拡大・拡張	縮小	停滞	崩壊
expect	を予期・期待する	をあきらめる	を絶望する	を忘れる
expectation	期待・予想	絶望	不満	後悔
expensive	高価な	安価な	手頃な	貴重な
expense	費用・犠牲	収入	利益	貯蓄
explore	を探検・探求する	を避ける	を放置する	を保護する
exploration	探検・調査	放置	回避	破壊
extinction	絶滅・消滅	生存	繁栄	発生
extinct	絶滅した	生存している	繁栄している	増加している
financial	財政上の・金融の	文化的な	技術的な	個人的な
finance	財政・資金	赤字	借金	手当
flexible	柔軟な・曲がりやすい	頑固な	硬い	厳格な
flexibility	柔軟性	頑固	剛性	固定
found	を設立する	を解散する	を破壊する	を攻撃する
foundation	創立・土台	解散	崩壊	制限
frustrate	を挫折・いらいらさせる	を満足させる	を安心させる	を励ます
frustration	挫折・欲求不満	満足	達成	安心
fund	資金・基金	借金	損失	負債
fundamental	基本的な・根本的な	表面的な	二次的な	一時的な
guarantee	を保証する	を疑う	を否定する	を拒絶する
hesitate	ためらう・躊躇する	即断する	強行する	突進する
hesitation	躊躇・ためらい	決断	確信	強行
identify	を特定・確認する	を誤解する	を隠す	を紛失する
identity	身元・アイデンティティ	匿名	偽名	変装
identification	身元確認・身分証明	匿名	偽造	隠蔽
ignore	を無視する	に注目する	を尊重する	を調査する
ignorance	無知・無知なこと	知識	賢明	理解
ignorant	無知な	知的な	専門的な	通じた
illustrate	を図解・説明する	を曖昧にする	を隠す	を混乱させる
illustration	挿絵・例証	混乱	隠蔽	文字
indicate	を示す・指し示す	を隠す	を偽る	を否定する
indication	指示・兆候	隠蔽	否定	消失
influence	に影響を与える	を無視する	を監視する	を阻止する
influential	影響力のある	無力な	平社員の	平凡な
involve	を巻き込む・含む	を除外する	を解放する	を孤立させる
involvement	関与・巻き込み	除外	孤立	離脱
isolate	を孤立させる	を統合する	を歓迎する	を支援する
isolation	孤立・隔離	統合	参加	交流
issue	問題・発行	解決	保存	回収
judge	を判断する・裁判官	を無視する	を応援する	助手
judgment	判断・判決	迷い	放置	無視
maintain	を維持する・主張する	を放棄する	を中止する	を崩壊させる
maintenance	維持・整備	放置	破壊	放棄
measure	を測定する・対策	を推測する	を無視する	混乱
measurement	測定・寸法	推測	狂い	錯覚
obtain	を獲得する	を失う	を放棄する	を拒絶する
obtainable	入手可能な	入手不可能な	高価な	違法の
occupy	を占める・占領する	を解放する	を退去する	を譲渡する
occupation	職業・占領	無職	解放	撤退
occur	が起こる・生じる	が消滅する	を予防する	が終了する
occurrence	出来事・発生	消滅	予防	阻止
operate	を操作する・手術する	を放置する	を破壊する	を観察する
operation	操作・手術・運転	放置	停止	停止
oppose	に反対する	に賛成する	を支援する	を無視する
opposite	反対の	同様の	共通の	隣接した
opposition	反対・対立	賛成	協力	調和
organize	を組織・準備する	を混乱させる	を解散する	を放置する
organization	組織・団体	個人	解散	混乱
overcome	を克服する	に屈する	を避ける	を諦める
participate	参加する	辞退する	見学する	妨害する
participation	参加	辞退	見学	不在
participant	参加者	見学者	辞退者	主催者
persuade	を説得する	を断念させる	を脅迫する	を騙す
persuasion	説得	脅迫	断念	詐欺
predict	を予測する	を回想する	を無視する	を勘違いする
prediction	予測・予言	回想	過去	事実
predictable	予測可能な	予測不可能な	奇妙な	複雑な
preserve	を保存・保護する	を破壊する	を消費する	を放棄する
preservation	保存・保護	破壊	消費	放置
prevent	を防止する・妨げる	を促進する	を許可する	を誘発する
prevention	防止・予防	促進	発生	許可
preventive	予防の	誘発する	治療の	急性の
produce	を生産する・取り出す	を消費する	を破壊する	を隠す
production	生産・製造	消費	破壊	購入
productive	生産的な	非生産的な	無駄な	破壊的な
productivity	生産性	停滞	低下	無駄
promote	を昇進させる・促進する	を降格させる	を妨害する	を縮小する
promotion	昇進・促進	降格	妨害	縮小
protect	を保護する	を攻撃する	を危険に晒す	を放置する
protection	保護・防護	攻撃	危険	放置
protective	保護する	攻撃的な	危険な	無防備な
prove	を証明する	を捏造する	を隠す	を疑う
proof	証明・証拠	推測	嘘	反論
provider	提供者・供給業者	消費する人	受取人	強盗
publish	を出版・発表する	を隠蔽する	を検閲する	を削除する
publication	出版・発表	隠蔽	検閲	回収
publisher	出版社・発行者	著者	読者	購入者
reaction	反応・反動	無視	沈黙	停止
relate	を関連付ける	を切り離す	を無視する	を否定する
relation	関係・親戚	孤立	分裂	無関係
relationship	関係・間柄	断絶	不和	独立
relative	相対的な・親戚	絶対的な	赤の他人	無関係な
relatively	比較的・相対的に	絶対に	完全に	極端に
release	を解放する・発売する	を拘束する	を回収する	を回収する
rely	頼る・依存する	独立する	疑う	拒絶する
reliable	信頼できる	信頼できない	危険な	口軽な
reliance	依存・信頼	独立	不信	拒絶
remove	を取り除く	を付け加える	を設置する	を保護する
removal	除去・移動	設置	追加	保存
represent	を代表する・表す	を隠す	を否定する	を個人的に行う
representative	代表者・代理人	個人	敵	傍観者
representation	表現・代表	隠蔽	沈黙	偽装
requirement	必要条件・要求	不要	例外	免除
resolve	を解決する・決意する	を悪化させる	を放置する	を延長する
resolution	解決・決意	悪化	放置	躊躇
resource	資源・資金	廃棄物	負債	欠損
respond	に返答する・反応する	を無視する	を黙殺する	を質問する
response	回答・反応	無視	質問	沈黙
responsible	責任がある	無責任な	無関係な	免除された
responsibility	責任・義務	無責任	権利	免除
irresponsible	無責任な	責任感のある	慎重な	誠実な
reveal	を明らかにする・暴露する	を隠す	を捏造する	を保護する
revelation	暴露・発覚	隠蔽	秘密	捏造
threaten	を脅迫する・脅かす	を安心させる	を保護する	を褒める
threat	脅威・脅迫	安心	保護	恩恵
tolerate	を許容する・耐える	を排除する	を禁止する	を攻撃する
tolerance	寛容・耐性	不寛容	拒絶	排除
tolerant	寛容な	偏狭な	厳格な	攻撃的な
transform	を変形・変化させる	を維持する	を固定する	を保存する
transformation	変容・変化	維持	固定	停滞
valuable	貴重な・価値のある	価値のない	安価な	無駄な
value	価値・価格	無価値	損失	欠点
invaluable	計り知れない価値のある	価値のない	安い	くだらない
valueless	価値のない	貴重な	高価な	計り知れない
vary	異なる・変化する	一致する	固定する	停滞する
various	さまざまな	同一の	単一の	特定の
variety	多様性・種類	単調	同一	固定
variation	変化・変異	固定	維持	一致
abandonment	放棄・見捨てること	維持	保護	継続
abundant	豊富な	乏しい	貴重な	珍しい
abundance	豊富・大量	不足	欠乏	節約
academic	学術的な・学問の	実践的な	体育の	職人の
accompany	に同行する	から離れる	を追放する	を無視する
accountant	会計士	弁護士	医師	建築家
accurate	正確な	不正確な	曖昧な	大雑把な
accuracy	正確さ・精度	誤差	欠陥	油断
accuse	を非難する・告発する	を称賛する	を擁護する	を免除する
achievement	業績・達成	失敗	挫折	怠惰
acknowledge	を認める	を否定する	を無視する	を隠蔽する
admission	入場・入学許可	追放	禁止	辞退
adopt	を採用する・養子にする	を拒絶する	を廃棄する	を追放する
adoption	採用・養子縁組	拒絶	廃棄	追放
admit	を認める・入場を許す	を拒む	を否定する	を追放する
advance	前進する・進歩する	後退する	停滞する	降格する
advanced	進歩した・上級の	初級の	遅れた	古い
advantage	有利・強み	不利	弱点	障害
adventure	冒険	日常	安定	退屈
advertisement	広告・宣伝	隠蔽	内緒	沈黙
afford	〜する余裕がある	〜を浪費する	〜を拒絶する	〜を諦める
affordable	手頃な価格の	高価な	手が出ない	贅沢な
agency	代理店・機関	個人	現場	顧客
aggression	攻撃・侵略	防衛	平和	服従
aggressive	攻撃的な・積極的な	消極的な	穏やかな	防衛的な
agricultural	農業の	工業の	商業の	都市の
agriculture	農業	工業	商業	漁業
alter	を変える	を維持する	を固定する	を保存する
alteration	変更・修正	維持	固定	保存
alternative	代わりの・選択肢	固定の	単一の	唯一の
altogether	完全に・全部で	部分的に	わずかに	個別に
ambition	野心・抱負	怠惰	無関心	満足
ambitious	野心的な	無気力な	満足した	控えめな
analyze	を分析する	を統合する	を放置する	を誤解する
analysis	分析	統合	混同	放置
announce	を発表する	を隠す	を撤回する	を噂する
announcement	発表・告知	隠蔽	内緒	撤回
annual	年に一度の	毎日の	毎月の	永久の
annually	毎年・年に一度	毎日	毎月	時々
apologetic	申し訳なさそうな	居直った	誇らしげな	攻撃的な
appeal	訴える・魅力	拒絶する	攻撃する	脅迫する
applaud	に拍手する・称賛する	を非難する	を無視する	を笑う
applause	拍手・喝采	非難	ブーイング	沈黙
applicant	応募者	面接官	採用者	試験官
application	応用・申請	拒絶	停止	撤回
appoint	を指名する・任命する	を解任する	を否定する	を推薦する
appointment	約束・任命	キャンセル	解任	拒絶
appreciate	に感謝する・を正しく評価する	を無視する	を酷評する	を忘れる
appreciation	感謝・鑑賞	無視	酷評	批判
approach	に近づく・アプローチ	から遠ざかる	を回避する	を拒絶する
appropriate	適切な	不適切な	無関係な	危険な
inappropriate	不適切な	適切な	ふさわしい	完璧な
approve	を承認する	を拒絶する	を批判する	を禁止する
approval	承認・許可	拒絶	禁止	批判
disapprove	に反対する・不承認とする	に賛成する	を許可する	を褒める
approximate	おおよその	正確な	厳密な	完全な
approximately	およそ・約	正確に	きっちり	厳密に
architect	建築家	画質	彫刻家	作家
architecture	建築・建築学	絵画	文学	彫刻
argument	議論・言い争い	同意	妥協	沈黙
article	記事・品物	小説	噂	秘密
artificial	人工の	天然の	自然な	野生の
ashamed	恥じて	誇りに思って	自信に満ちて	堂々として
aspect	側面・様相	全体	中心	根本
assign	を割り当てる・課す	を奪う	を免除する	を取消す
assignment	課題・割り当て	免除	完了	息抜き
assist	を支援する	を妨害する	を攻撃する	を無視する
assistance	援助・支援	妨害	攻撃	邪魔
associate	を関連付ける・連想する	を切り離す	を孤立させる	を否定する
association	協会・関連	分離	解散	孤立
assume	と思い込む・を引き受ける	を証明する	を拒否する	を疑う
assumption	想定・思い込み	事実	証明	現実
assure	を保証する・安心させる	を不安にさせる	を疑わせる	を騙す
assurance	保証・確信	不安	疑念	撤回
athlete	運動選手	審判	観客	監督
athletic	運動の・体育の	学術的な	芸術的な	理論的な
attach	を取り付ける・添付する	を取り外す	を削除する	を破損する
attachment	添付・愛着	分離	削除	憎しみ
attain	を達成する・到達する	を放棄する	を失う	を失敗する
author	著者・作者	読者	編集者	イラストレーター
automatically	自動的に	手動で	たまに	意図的に
automatic	自動の	手動の	複雑な	意図的な
background	背景・経歴	前景	未来	外見
balance	バランス・均衡	不均衡	崩壊	偏り
barrier	障害・壁	通路	橋	入口
base	基礎・基地	頂上	表面	屋根
basic	基本的な	応用的な	高度な	専門的な
basically	基本的に	例外的に	表面上は	特殊に
basis	基礎・根拠	応用	結論	例外
belief	信念・信仰	疑念	不信	否定
belong	に所属する	を排除する	から独立する	を所有する
belongings	所持品・持ち物	公共物	不動産	借金
beyond	を越えて	の手前で	の内部で	の近くで
bitter	苦い・痛烈な	甘い	美味しい	穏やかな
blame	を非難する・のせいにする	を褒める	を許す	を感謝する
boundary	境界・限界	中心	内部	全体
brave	勇敢な	臆病な	卑怯な	慎重な
bravery	勇敢さ	臆病	恐怖	慎重
brief	簡潔な・短時間の	長時間の	冗長な	詳細な
briefly	簡潔に	長々と	詳しく	ダラダラと
broad	広い・広範囲の	狭い	限定的な	深い
broaden	を広げる	を狭める	を制限する	を縮小する
calculate	を計算する	を直感で当てる	を無視する	を測り間違える
calculation	計算・予測	勘	誤解	油断
campaign	運動・キャンペーン	休息	中断	妨害
capable	能力がある	能力がない	無能な	未熟な
career	経歴・職業	趣味	一時しのぎ	休日
careful	注意深い	不注意な	軽率な	雑な
careless	不注意な	慎重な	慎重な	丁寧な
cautious	慎重な	軽率な	無計画な	大胆な
caution	用心・警告	油断	無頓着	推奨
celebrate	を祝う	を悲しむ	を無視する	を批判する
celebration	祝い・祝賀会	葬儀	反省会	反省
ceremony	儀式・式典	日常	雑談	遊び
challenge	挑戦・課題	安定	妥協	辞退
challenging	やりがいのある・困難な	簡単な	退屈な	楽な
chamber	部屋・会議場	広場	屋外	道路
chemical	化学の・化学物質	物理の	生物の	天然の
circumstance	状況・事情	原因	目的	結果
citizen	市民・国民	外国人	旅行者	貴族
civil	市民の・民間の	軍事の	政府の	個人の
civilization	文明	野蛮	原始	自然
classic	古典的な・傑作	現代の	最新の	粗悪品
classify	を分類する	を混同する	を散らかす	を無視する
classification	分類	混乱	統合	放置
cliff	崖	平野	砂漠	池
climate	気候	天気	気温	風速
collapse	崩壊する	頑丈になる	成立する	拡大する
collect	を集める	を散らかす	を捨て去る	を分配する
collection	収集・コレクション	散乱	廃棄	分配
collective	集団の・共同の	個人の	単独の	孤立した
colleague	同僚	上司	部下	顧客
comply	に従う・遵守する	に違反する	を無視する	に抗議する
compliance	遵守・適合	違反	拒絶	反抗
component	構成要素	全体	完成品	外枠
compose	を構成する・作曲する	を解体する	を破壊する	を放置する
composer	作曲家	演奏者	画家	小説家
composition	構成・作文	解体	破壊	素案
comprehensive	総合的な・包括的な	部分的な	限定的な	初歩的な
compromise	妥協する	主張し通す	攻撃する	勝利する
conceal	を隠す	を暴露する	を表示する	を宣伝する
concept	概念・発想	現実	物質	詳細
concerning	に関して	とは無関係に	を無視して	を除いて
concrete	具体的な・コンクリート	抽象的な	曖昧な	架空の
condemn	を強く非難する	を称賛する	を許す	を推奨する
condition	条件・状態	結果	目的	理由
confess	を告白する・認める	を隠蔽する	を否定する	を捏造する
confession	告白・自白	隠蔽	否定	嘘
confidence	自信・信頼	不安	疑念	自暴自棄
confident	確信している・自信がある	不安な	迷っている	自信のない
confine	を制限する・閉じ込める	を解放する	を広げる	を放置する
conflict	対立・紛争	調和	平和	一致
confuse	を混乱させる	を整理する	を納得させる	を明確にする
confusion	混乱	整理	明確	納得
congratulate	を祝福する	を非難する	を羨む	を無視する
congratulation	祝福	非難	嫉妬	弔意
connect	をつなぐ	を切断する	を孤立させる	を放置する
connection	接続・関係	分断	孤立	無関係
conscious	意識している	無意識の	気絶した	鈍感な
unconscious	無意識の	意識的な	鋭い	知覚的な
consciousness	意識	気絶	無知	油断
consequently	その結果として	それにもかかわらず	元々は	偶然に
conserve	を保存する・節約する	を浪費する	を破壊する	を放置する
conservation	保護・保存	破壊	浪費	放置
conservative	保守的な	革新的な	開放的な	過激な
consideration	考慮・思いやり	無視	配慮不足	軽蔑
consist	から成る	を排除する	を破壊する	を孤立させる
consistent	一貫した	矛盾した	コロコロ変わる	不規則な
inconsistent	一貫性のない	一貫した	安定した	確実な
construct	を建設する	を破壊する	を解体する	を撤回する
construction	建設・工事	破壊	解体	撤去
consult	に相談する・を参照する	を無視する	を独断で決める	に命令する
consultant	相談役・コンサルタント	初心者	依頼人	学生
consume	を消費する	を生産する	を貯蔵する	を保護する
consumer	消費者	生産者	販売者	製造者
consumption	消費	生産	蓄積	保存
contact	と連絡をとる・接触	を避ける	を無視する	を孤立させる
container	容器・コンテナ	中身	液体	気体
contemporary	現代の・同世代の	古代の	伝統的な	未来の
contest	コンテスト・競い合い	協力	協定	譲歩
context	文脈・背景	単語	孤立	表面
continent	大陸	島	海洋	半島
continue	を続ける	を中断する	を終了する	をあきらめる
contract	契約・縮小する	解約	拡大	破棄
contrary	反対の・正反対	同様の	共通の	一致した
contrast	対照・対比	類似	一致	融合
convention	大会・慣習	例外	個人のルール	混雑
conventional	型にはまった・従来の	斬新な	奇抜な	最新の
converse	会話する	沈黙する	無視する	叫ぶ
conversation	会話	沈黙	独り言	無視
convert	を変換する・変える	を維持する	を固定する	を保存する
convey	を伝える・運ぶ	を隠す	を保持する	を妨害する
cooperate	協力する	対立する	妨害する	競い合う
cooperation	協力	対立	妨害	不和
cooperative	協力的な	非協力的な	攻撃的な	頑固な
cope	うまく対処する	投げ出す	パニックになる	失敗する
core	中心・核	表面	外枠	端
corporate	企業の・団体の	個人的な	家庭の	個々の
corporation	企業・法人	個人	商店	ボランティア
correct	正確な・を訂正する	誤った	悪化させる	放置する
correction	訂正・修正	悪化	放置	維持
correspond	一致する・文通する	矛盾する	対立する	無視する
correspondence	文通・一致	対立	絶交	矛盾
corrupt	腐敗した・を堕落させる	清廉な	健全な	強化する
corruption	腐敗・汚職	清廉	潔白	健全
costly	費用がかかる・高価な	安価な	無料の	手頃な
council	評議会・会議	個人	現場	生徒
counsel	カウンセリング・助言	批判	命令	無視
counselor	相談員・カウンセラー	容疑者	生徒	患者
countless	数え切れないほどの	わずかな	数個の	限定された
courageous	勇敢な	臆病な	慎重な	卑怯な
courtesy	礼儀正しさ・好意	無礼	非難	悪意
courteous	礼儀正しい	無礼な	不躾な	乱暴な
crash	衝突する・墜落する	安全に着陸する	徐行する	停止する
create	を創造する	を破壊する	を模倣する	を消去する
creative	創造的な	模倣的な	退屈な	平凡な
creativity	創造性	模倣	平凡	停滞
creation	創造・作品	破壊	模倣	消去
creature	生き物・生物	無機物	植物	機械
credit	信用・単位	不信	借金	酷評
crime	犯罪	奉仕	守法	善行
criminal	犯人・犯罪の	被害者	警察官	無罪の
crisis	危機	平和	安定	機会
criterion	基準・標準	例外	個人の好み	偶然
critic	批評家・批判者	擁護者	ファン	初心者
crop	作物・収穫	雑草	害虫	不作
cruel	残酷な	優しい	親切な	慈悲深い
cruelty	残酷さ	優しさ	慈悲	親切
cultural	文化的な	自然の	生物学的な	物理的な
curious	好奇心が強い・奇妙な	無関心な	退屈な	平凡な
curiosity	好奇心	無関心	退屈	満足
current	現在の・流れ	過去の	未来の	停滞
currently	現在は・今のところ	過去には	将来は	かつては
custom	習慣・税関	例外	最新のトレンド	個人的な癖
customary	習慣的な・いつもの	異例の	斬新な	珍しい
customer	顧客・客	店員	経営者	仕入れ先
damage	に損害を与える・損害	を修復する	を保護する	を強化する
data	データ・資料	推測	噂	勘
decline	衰退する・を辞退する	繁栄する	を承諾する	を増加させる
defeat	を打ち負かす・敗北	に敗れる	を助ける	と和解する
defend	を守る・弁護する	を攻撃する	を非難する	を放棄する
defense	防衛・弁護	攻撃	非難	放棄
defensive	防衛的な	攻撃的な	積極的な	侵略的な
deficit	赤字・不足	黒字	過剰	利益
deliberate	意図的な・慎重な	偶然の	軽率な	無計画な
deliberately	故意に・意図的に	偶然に	うっかり	図らずも
delight	大喜び・を楽しませる	絶望	を失望させる	悲しみ
delighted	大喜びして	失望して	怒って	退屈して
delightful	愉快な・魅力的な	不快な	退屈な	恐ろしい
deliver	を配達する・を伝える	を回収する	を保留する	を保管する
delivery	配達・交付	回収	留保	保管
delusion	錯覚・妄想	現実	事実	真実
denial	否定・拒絶	肯定	承認	白状
deny	を否定する・拒絶する	を認める	を主張する	を白状する
depart	出発する	到着する	滞在する	戻る
dependent	依存している	独立している	自立した	対等な
deposit	預金・を預ける	引き出し	を引き出す	借金
depress	を落ち込ませる	を元気づける	を励ます	を安心させる
depressed	意気消沈した	元調子な	興奮した	満足した
depression	不況・うつ病	好況	歓喜	繁栄
depth	深さ	浅さ	幅	高さ
derive	を得る・に由来する	を失う	を放棄する	を阻止する
descend	降りる・下がる	登る	上がる	停滞する
descendant	子孫	祖先	親	先祖
deserve	に値する	に値しない	を拒絶する	を免除される
despair	絶望	希望	歓喜	確信
desperate	必死の・絶望的な	余裕のある	落ち着いた	安心した
despite	にもかかわらず	のおかげで	のために	に関して
destination	目的地・行き先	出発地	現在地	経由地
destroy	を破壊する	を建設する	を保護する	を修復する
destruction	破壊	建設	保護	創造
destructive	破壊的な	建設的な	保護的な	有益な
detail	詳細・細部	全体	概要	要約
detailed	詳細な	大雑把な	簡略化された	表面的な
detect	を感知する・見つけ出す	を見落とす	を隠す	を無視する
detection	発見・感知	見落とし	隠蔽	無視
detective	探偵・刑事	犯人	被害者	裁判官
deteriorate	悪化する	改善する	維持する	回復する
device	装置・工夫	障害	欠陥	材料
devote	を捧げる	を惜しむ	を奪う	を放棄する
devotion	献身・専念	怠惰	裏切り	無関心
differ	異なる	一致する	似ている	調和する
difference	違い・差	共通点	一致	平等
different	異なる	同じ	似ている	共通の
dimension	寸法・次元	重量	価格	数量
diminish	を減らす・減少する	を増やす	を拡大する	を維持する
disability	障害・無力	能力	健常	特技
disabled	障害のある	健常な	有能な	強力な
disadvantage	不利・メリット	有利	メリット	強み
disagree	意見が食い違う	同意する	賛成する	調和する
disagreement	意見の相違	同意	一致	協定
discourage	を思いとどまらせる	を奨励する	を励ます	を説得する
discrimination	差別・識別	平等	公平	受容
discuss	について話し合う	を無視する	を放置する	を独断で決める
discussion	議論・話し合い	沈黙	独白	放置
disease	病気	健康	治療	回復
disguise	を化けさせる・変装	を暴露する	を表示する	を公表する
dishonest	不誠実な	誠実な	正直な	信頼できる
dislike	を嫌う・嫌悪	を好む	を愛する	に感心する
dismiss	を解雇する・退ける	を採用する	を歓迎する	を承認する
disorder	混乱・不調	秩序	整理	調和
dispute	論争・に異議を唱える	合意	を承認する	和解
distance	距離	近さ	隣接	接触
distant	遠い・離れた	近い	隣の	直近の
distinct	明確に異なる・くっきりした	曖昧な	類似した	同一の
distinction	区別・差別化	混同	同一	曖昧
distinguish	を区別する・見分ける	を混同する	を見落とす	を無視する
distress	苦痛・を苦しめる	安らぎ	を安心させる	歓喜
district	地区・地域	全体	国家	世界
disturb	を邪魔する・乱す	を整える	を保護する	を安心させる
disturbance	妨害・混乱	平静	秩序	安定
diverse	多様な	単一の	同質の	均一な
diversity	多様性	単調	均一	同質
divide	を分割する	を結合する	を統合する	を集める
division	分割・部門	結合	統合	全体
divorce	離婚・を離婚させる	結婚	婚約	結合
dominant	支配的な・優勢な	従属的な	劣勢な	服従する
dominate	を支配する	に従属する	に屈する	を解放する
draft	下書き・ドラフト	完成品	決定稿	本番
drag	を引きずる	を押す	を投げる	を放置する
dramatic	劇的な・感動的な	平凡な	退屈な	変化のない
drawback	欠点・障害	長所	利点	強み
dreadful	恐ろしい・ひどい	素晴らしい	心地よい	快適な
drift	漂流する	固定する	留まる	前進する
drown	溺れ死ぬ	泳ぎ切る	救助される	浮上する
dull	退屈な・鈍い	面白い	鋭い	鮮やかな
dumb	言葉の出ない・愚かな	賢い	口達者な	雄弁な
dump	を投げ捨てる	を大切に保管する	を拾う	を買い取る
duplicate	の複製品・を複製する	原本	を破壊する	を消去する
durable	耐久性のある	壊れやすい	脆い	一時的な
duration	継続期間	瞬間	停止	途切れ
eager	熱望して・熱心な	無関心な	消極的な	退屈した
ease	容易さ・をやわらげる	困難	を悪化させる	増心
eagerly	しきりに・熱心に	無関心に	嫌そうに	だらだらと
earn	を稼ぐ・を得る	を失う	を支払う	を浪費する
earnings	収入・稼ぎ	支出	損失	借金
earthquake	地震	台風	津波	噴火
economist	経済学者	物理学者	政治家	歴史家
edit	を編集する	を放置する	を破棄する	を閲覧する
editor	編集者	著者	読者	印刷業者
edition	（刊行物の）版	初稿	原稿	廃刊
educate	を教育する	を放置する	を誤解させる	を追放する
education	教育	無知	独学	放任
educational	教育の	娯楽の	商業の	専門外の
educator	教育者	生徒	保護者	行政官
elderly	年配の	若い	幼い	中年の
elect	を選出する	を解任する	を拒絶する	を落選させる
election	選挙	指名	解任	辞任
electric	電気の	ガソリンの	手動の	蒸気の
electricity	電気	ガス	石油	原子
electronic	電子の	機械の	手動の	アナログの
element	要素・元素	全体	完成品	外枠
elementary	初歩の・基本の	高度な	専門的な	複雑な
elevator	エレベーター	エスカレーター	階段	廊下
eliminate	を除去する・排除する	を追加する	を導入する	を保護する
elimination	排除・除去	追加	採用	保護
embrace	を抱きしめる・受け入れる	を拒絶する	を攻撃する	を無視する
emperor	皇帝	臣下	市民	大統領
emphasis	強調	軽視	無視	省略
empire	帝国	共和国	都市	集落
employ	を雇う・を用いる	を解雇する	を辞絶する	を放置する
employee	従業員	経営者	役員	顧客
employer	雇用主	従業員	求職者	派遣社員
employment	雇用・職	解雇	失業	退職
unemployment	失業	雇用	採用	就職
enable	を可能にする	を妨げる	を禁止する	を免除する
encounter	に遭遇する・遭遇	を避ける	から逃げる	を予期する
encourage	を推奨する	を阻止する	を批判する	を制止する
encouragement	奨励・励まし	落胆	制止	批判
endure	に耐える・持続する	に屈する	を諦める	を避ける
endurance	忍耐・耐久力	屈服	限界	断念
enemy	敵	味方	仲間	同僚
enforce	を施行する・強制する	を廃止する	を無視する	をゆるめる
enforcement	施行・強制	廃止	緩和	放置
engage	に従事する・を引きつける	を解約する	を無視する	を解放する
engagement	約束・婚約・エンゲージメント	キャンセル	破談	解放
engine	エンジン	車輪	燃料	車体
engineer	技術者・エンジニア	画家	医師	事務員
engineering	工学・技術	理学	文学	医学
enhance	を高める・強化する	を低下させる	を維持する	を損なう
enjoyment	楽しみ・喜び	苦痛	退屈	絶望
enormous	莫大な・巨大な	わずかな	極小の	平凡な
ensure	を確実にする・保証する	をあやふやにする	を疑う	を否定する
enterprise	企業・事業	個人	家庭	趣味
entertain	を楽しませる	を退屈させる	を不快にさせる	を怒らせる
entertainment	娯楽・エンターテインメント	労働	学問	退屈
enthusiasm	情熱・熱意	冷淡	無関心	嫌悪
enthusiastic	熱心な	無関心な	冷めた	退屈な
entire	全体の	一部の	不完全な	部分的な
entrance	入り口・入場	出口	退場	通過
entry	進入・参加	退場	辞退	禁止
envelope	封筒	便箋	切手	小包
envious	うらやましがっている	満足した	哀れむ	無関心な
envy	をうらやむ・嫉妬	を蔑む	に満足する	を祝福する
epidemic	感染症の流行	終息	予防	健康
equal	等しい・対等の	不平等な	優れている	劣っている
equality	平等	不平等	差別	格差
unequal	不平等な	等しい	公平な	対等の
equip	を備え付ける	を取り外す	を奪う	を破壊する
equipment	装備・器具	撤去	素手	部品
equivalent	同等の・相当するもの	異なった	無関係な	格段の
era	時代・年代	瞬間	一日	未来
erase	を消去する	を記録する	を描く	を保存する
erect	を建て直す・直立した	を倒す	を壊す	曲がった
error	誤り・エラー	正確	正解	成功
escape	逃げる・脱出	捕まる	とどまる	侵入する
essay	小論文・エッセイ	小説	詩	辞書
essential	本質的な	表面的な	二次的な	不要な
establish	を確立する	を崩壊させる	を撤回する	を迷わせる
estate	不動産・財産	借金	赤字	負債
estimate	を見積もる・見積もり	を確定する	を無視する	を計算し直す
estimation	見積もり・評価	確定	無視	放置
eternal	永遠の	一時的な	瞬間の	限定的な
ethical	倫理的な・道徳上の	非倫理的な	違法の	利己的な
ethics	倫理・道徳	本能	欲望	法律
evaporate	蒸発する	凝縮する	凍る	沈殿する
evil	邪悪な・悪	善の	正しい	優しい
exaggerate	を誇張する	を控えめに言う	を正確に話す	を隠す
exaggeration	誇張	謙遜	事実	縮小
examine	を検査する・調査する	を無視する	を見落とす	を放置する
examination	試験・検査	放置	免除	見落とし
examiner	試験官・検査員	受験者	患者	生徒
exceed	を超える・勝る	を下回る	に達しない	に及ばない
exceedingly	非常に・過剰に	わずかに	控えめに	まったく
excellent	優秀な・素晴らしい	ひどい	劣った	平凡な
excellence	優秀さ	劣等	平凡	欠陥
exception	例外	原則	標準	規則
exceptional	例外的な・並外れた	普通の	平凡な	標準的な
excess	過剰・超過	不足	欠乏	節約
excessive	過剰な	不足した	適切な	わずかな
exchange	を交換する・両替	を保持する	を所有する	を破棄する
excite	を興奮させる	を落ち着かせる	を退屈させる	を安心させる
excitement	興奮・盛り上がり	平静	退屈	冷め
exciting	わくわくさせる	退屈な	落ち着いた	不快な
exclude	を除外する	を含める	を受け入れる	を招待する
exclusion	除外・排除	受容	参加	包含
exclusive	独占的な・専用の	開放的な	一般的な	全員の
excuse	言い訳・を許す	真実	を責める	を処罰する
execute	を実行する・処刑する	を中断する	を計画する	を延期する
execution	実行・処刑	中断	計画	延期
executive	幹部・役員	平社員	新人	アルバイト
exercise	運動・を練習する	休息	を放置する	をサボる
exhaust	を疲れ果てさせる・排気	を元気づける	を補給する	吸気
exhaustion	疲労困憊	元気	回復	蓄積
exhibit	を展示する・展示品	を隠す	を保管する	を廃棄する
exhibition	展覧会・展示	隠蔽	保管	廃棄
exist	存在する	消滅する	死ぬ	消える
existence	存在	消滅	架空	無
existing	既存の	新規の	未来の	架空の
exit	出口・退場	入口	入場	到着
exotic	異国風の・珍しい	日常的な	ありふれた	国産の
expand	を拡張する	を縮小する	を限定する	を抑える
expect	を予期する	を裏切る	をあきらめる	を想定外とする
expedition	探検・遠征	引き籠もり	帰還	滞在
expenditure	支出・経費	収入	利益	貯金
expert	専門家	初心者	素人	見習い
expertise	専門知識	素人考え	無知	常識
expire	期限が切れる	更新される	始まる	継続する
expiration	有効期限の終了	更新	開始	継続
explain	を説明する	を不鮮明にする	を隠す	を誤解させる
explanation	説明	誤解	秘密	沈黙
exploit	を開発する・搾取する	を保護する	を放置する	を尊重する
exploitation	搾取・開発	保護	尊重	還元
explore	を探検する	を避ける	をスルーする	を放棄する
explosion	爆発・急増	鎮火	減少	収縮
explosive	爆発物・爆発性の	安全な	不燃性の	安定した
export	を輸出する	を輸入する	を国内で消費する	を破棄する
expose	を晒す・暴露する	を隠す	を保護する	を覆う
exposure	暴露・晒されること	隠蔽	保護	隔離
expression	表現	沈黙	無表情	隠蔽
expressive	表現豊かな	無表情な	寡黙な	感情のない
extend	を延長する・伸ばす	を短縮する	を折りたたむ	を縮める
extension	延長・内線	短縮	終了	カット
extensive	広範囲に及ぶ	限定的な	狭い	部分的な
extent	程度・範囲	点	無	限界外
exterior	外側の・外観	内側の	内部	中心
external	外部の	内部の	国内の	中心の
extinguish	を消火する・消す	につける	を点火する	を発生させる
extra	余分の・追加の	不足した	基本の	標準の
extract	を抽出する・抜き出す	を注入する	を混ぜる	を押し込む
extraordinary	並外れた・異常な	普通の	ありふれた	平凡な
extreme	極端な・過激な	穏やかな	中道の	控えめな
extremely	極めて・非常に	わずかに	控えめに	適度に
fabric	生地・織物	金属	プラスチック	木材
fabulous	素晴らしい・伝説的な	ひどい	現実的な	最悪な
facility	施設・設備	空き地	障害	撤去
factor	要因・要素	結果	成果	全体
factory	工場	オフィス	住宅	公園
faculty	学部・教授陣・能力	学生	校舎	無能
fade	色あせる・消えていく	鮮やかになる	現れる	強まる
fail	失敗する・落ちる	成功する	受かる	達成する
failure	失敗・不全	成功	達成	勝利
faint	かすかな・気絶する	鮮明な	正気に戻る	はっきりした
fair	公平な・美しい	不公平な	醜い	差別的な
fairly	かなり・公平に	不公平に	まったく	微かに
faith	信仰・信頼	不信	疑念	裏切り
faithful	忠実な・誠実な	不誠実な	浮気な	裏切りの
fake	偽の・偽物	本物の	真実の	正規の
fall	落ちる・秋	上がる	登る	春
false	誤った・偽の	正しい	真実の	本物の
fame	名声・評判	悪名	無名	汚名
famous	有名な	無名の	隠れた	平凡な
familiar	親しい・よく知られた	見知らぬ	奇妙な	珍しい
famine	飢饉・深刻な食糧不足	豊作	飽食	豊穣
fancy	高級な・装飾的な	シンプルな	安物の	地味な
fantastic	素晴らしい・空想的な	ひどい	現実的な	退屈な
fare	運賃・料金	給料	無料	税金
farewell	送別・別れ	歓迎	出会い	再会
fascinate	を魅了する	を退屈させる	を不快にさせる	を遠ざける
fascinating	魅惑的な	退屈な	つまらない	不快な
fascination	魅力・執着	嫌悪	退屈	無関心
fashion	ファッション・流儀	時代遅れ	野暮	廃り
fashionable	流行の・おしゃれな	時代遅れの	野暮ったい	ダサい
fatal	致命的な	無害な	軽微な	有益な
fate	宿命・運命	偶然	選択	自由
fault	欠点・責任	長所	美徳	功績
faulty	欠陥のある	完璧な	正常な	優秀な
fear	恐怖・を恐れる	安心	を好む	勇気
fearful	恐れている	安心した	勇敢な	平然とした
fearless	恐れを知らない	臆病な	慎重な	不安な
feature	特徴・を特集する	欠陥	を無視する	背景
federal	連邦の	地方の	市営の	個人の
fee	謝礼・料金	無料	給料	配当
feeble	弱々しい	強い	頑丈な	たくましい
feedback	意見・フィードバック	無視	放置	遮断
fellow	仲間・同僚	敵	見知らぬ人	外国人
female	女性の・雌	男性の	雄	子供の
male	男性の・雄	女性の	雌	大人の
fertile	肥沃な・多産の	荒れ果てた	乾燥した	貧しい
fetch	を取ってくる・連れてくる	を捨てる	を遠ざける	を忘れる
fever	熱・興奮	寒気	冷え	冷静
fiber	繊維・食物繊維	金属	プラスチック	液体
fiction	小説・フィクション	事実	ノンフィクション	歴史
fierce	激しい・凶暴な	穏やかな	大人しい	優しい
file	ファイル・書類・を整理する	雑談	廃棄	混雑
filter	をろ過する・フィルター	を汚染する	を混ぜる	を注ぐ
filthy	汚い・不潔な	清潔な	美しい	ピカピカの
finance	金融・財政	農業	芸術	個人的な趣味
finding	発見・調査結果	見落とし	隠蔽	失敗
fine	素晴らしい・罰金	ひどい	報奨金	悪天候
fingerprint	指紋	足跡	サイン	顔写真
firework	花火	焚き火	火災	落雷
firm	会社・固い	個人	柔らかい	曖昧な
flee	から逃げる	に向かって進む	に留まる	を攻撃する
flesh	肉・皮膚	骨	毛皮	爪
flight	飛行・フライト・逃走	着陸	歩行	滞在
float	浮かぶ・漂う	沈む	潜る	固定される
flock	（鳥や羊の）群れ	一匹	孤独	群衆
flood	洪水・を溢れさせる	日照り	干ばつ	乾燥
flourish	繁栄する・茂る	衰退する	枯れる	全滅する
flow	流れる・流れ	滞る	固まる	停止する
fluent	流暢な・ペラペラな	つっかえる	下手な	無口な
fluently	流暢に	たどたどしく	下手くそに	言葉詰まらせて
fluid	液体・流動的な	固体	気体	固定された
fold	を折りたたむ	を広げる	を破る	を伸ばす
folk	人々・民俗の	貴族	政府	外国人
fond	が好きで	が大嫌いで	に無関心で	を恐れて
foolish	愚かな	賢い	賢明な	思慮深い
forbid	を禁止する	を許可する	を推奨する	を強制する
forecast	を予測する・天気予報	過去の回想	事実	歴史
forehead	額（ひたい）	顎	頬	首
foreign	外国の	国内の	地元の	身近な
foreigner	外国人	自国民	地元住民	身内
foresee	を予感する・見通す	を見落とす	を過去に振り返る	を驚く
forgetful	忘れっぽい	記憶力が良い	慎重な	執念深い
forgive	を許す	を処罰する	を責める	を憎む
forgiveness	許し・寛容	処罰	憎悪	復讐
formal	正式な・礼儀正しい	非公式な	カジュアルな	不作法な
format	形式・フォーマット	内容	雑多	文章
former	以前の・前者の	現在の	未来の	後者の
formerly	かつて・以前は	現在は	将来は	今後は
formula	公式・製法	例外	欠陥	雑談
forth	前へ・外へ	後ろへ	内部へ	過去へ
fortunate	幸運な	不運な	惨めな	不幸な
fortune	運・財産	不運	借金	貧困
forum	公開討論会・フォーラム	密談	独白	隠蔽
forward	前へ・を転送する	後ろへ	後退する	留める
fossil	化石	生体	新作	現代美術
foster	を育成する・里親の	を放置する	を抑圧する	を破壊する
foul	不快な・違反の	清潔な	公正な	心地よい
fountain	噴水・泉	砂漠	水たまり	排水溝
fraction	わずか・分数	全体	整数	大量
fracture	骨折・亀裂	結合	完全	修復
fragile	壊れやすい・脆い	頑丈な	耐久性のある	強力な
fragment	破片・断片	全体	完成品	塊
fragrance	芳香・いい香り	悪臭	無臭	排気ガス
frame	額縁・骨組み	中身	絵画	壁
framework	枠組み・構造	雑多	装飾	外観
frank	率直な・フランクな	陰湿な	遠回しな	嘘つきな
frankly	率直に言って	遠回しに	嘘をついて	曖昧に
frantic	必死の・取り乱した	落ち着いた	冷静な	のんびりした
fraud	詐欺・不正	誠実	正直	合法的
freedom	自由	束縛	強制	奴隷
freeway	高速道路	一般道	歩道	小道
freeze	凍る・凍結する	溶ける	沸騰する	蒸発する
frequent	頻繁な	まれな	一時的な	滅多にない
friction	摩擦・不和	潤滑	調和	滑らかさ
frighten	を怖がらせる	を安心させる	を喜ばせる	を退屈させる
fringe	縁・へり	中心	内部	核心
frost	霜	炎	湯気	洪水
frown	眉をひそめる	微笑む	大笑いする	うなずく
frugal	質素な・節約する	浪費する	贅沢な	派手な
frustrate	を挫折させる	を満足させる	を達成させる	を喜ばせる
fuel	燃料・を煽る	水	消化剤	ブレーキ
fulfill	を果たす・満たす	を怠る	を不履行にする	を破棄する
fulfilment	達成・履行	未払い	挫折	怠慢
full-time	常勤の・専任の	パートタイムの	一時的な	無職の
fully	完全に・十分に	部分的に	不十分に	まったく
function	機能・機能する	故障	障害	無能
functional	機能的な・実用的な	非実用的な	飾りの	無駄な
fundamentally	根本的に・基本的に	表面上は	二次的に	例外的に
funeral	葬式	結婚式	誕生日会	祝賀会
furious	激怒した	穏やかな	ご機嫌な	満足した
furnish	に家具を供給する	を撤去する	を空にする	を破壊する
furniture	家具	家電	文房具	衣類
furthermore	さらに・その上	しかしながら	したがって	要するに
fuse	ヒューズ・を融合させる	を分離する	を解体する	を破壊する
fusion	融合・統合	分離	分裂	解体
futile	無駄な・無益な	有益な	効果的な	価値ある
future	未来・将来	過去	現在	昔
gadget	電子機器・ガジェット	骨董品	家具	文房具
gain	を得る・増やす	を失う	を減らす	を捨てる
galaxy	銀河	太陽	惑星	流星
gallery	画廊・ギャラリー	工場	体育館	研究所
gamble	ギャンブルする・賭け	堅実	貯金	投資
gang	一味・ギャング	単独	個人	警察
gap	隙間・格差	密着	一致	平等
garage	車庫・ガレージ	玄関	リビング	屋根裏
garbage	ゴミ・くず	宝物	資源	商品
garment	衣類・服	靴	帽子	家具
gasoline	ガソリン	軽油	電気	水
gasp	息をのむ・ハッと息をつく	深呼吸する	ため息をつく	あくびする
gather	を集める・集まる	を散らかす	を分散させる	を捨てる
gathering	集まり・集会	解散	孤立	個人の時間
gauge	を測定する・ゲージ	を直感する	を無視する	を推測する
gaze	じっと見る・注視	目をそらす	一瞥する	無視する
gear	ギア・用具	丸手	不要物	材料
gender	性別	年齢	国籍	職業
gene	遺伝子	細胞	血液	骨
genealogy	家系図・血統	未来図	歴史書	伝記
generalize	を一般化する	を特定する	を個別に扱う	を詳細化する
generate	を生み出す・発生させる	を消滅させる	を消費する	を抑圧する
generation	世代・生成	消滅	衰退	破壊
generator	発電機・生成器	消費装置	蓄電池	変圧器
generic	一般的な・ノーブランドの	ブランド物の	特定の	高額な
genetic	遺伝子の	環境の	後天的な	文化的な
genetics	遺伝学	物理学	化学	心理学
genius	天才	凡人	愚か者	初心者
genre	ジャンル・分野	個体	全体	雑多
gentle	優しい・穏やかな	乱暴な	厳しい	激しい
gently	優しく・穏やかに	乱暴に	激しく	強引に
genuine	本物の・真実の	偽物の	合成の	架空の
geography	地理・地理学	歴史	天文学	地質学
geology	地質学	気象学	考古学	海洋学
geometry	幾何学	代数学	統計学	物理学
germ	細菌・芽	消毒液	抗体	ワクチン
gesture	身振り・ジェスチャー	沈黙	直立	言葉
ghost	幽霊・おばけ	人間	生体	神
giant	巨大な・巨人	小人の	極小の	微細な
giggle	くすくす笑う	大泣きする	怒鳴る	黙る
given	〜を考慮すると・与えられた	無視すると	奪われた	想定外の
glad	うれしい	悲しい	怒っている	つまらない
glance	ちらりと見る・一瞥	じっと見つめる	凝視する	無視する
glare	ギラギラ光る・にらみつける	微笑む	暗闇	目を閉じる
glassware	ガラス製品	陶器	木製品	金属製品
gleam	かすかに光る・輝き	暗闇	消灯	影
glide	滑るように進む	つまずく	停止する	衝突する
glimpse	ちらりと見ること	凝視	詳細な観察	見落とし
glitter	キラキラ輝く	くすむ	曇る	暗くなる
global	地球規模の・全体の	ローカルな	局所的な	国内の
globe	地球・地球儀	平面	地図	局所
gloom	暗がり・憂鬱	歓喜	快晴	光明
gloomy	薄暗い・憂鬱な	明るい	陽気な	快晴の
glorious	栄光ある・素晴らしい	悲惨な	恥ずべき	惨めな
glory	栄光・誉れ	不名誉	敗北	恥
glossary	用語集	目次	本文	あとがき
glow	白熱する・輝く	消える	陰る	凍りつく
glue	接着剤・を貼り付ける	はさみ	を剥がす	を破る
gorgeous	豪華な・見事な	見すぼらしい	質素な	地味な
gossip	噂話・ゴシップ	公式発表	真実	学術論文
govern	を統治する・支配する	に従う	を解放する	を乱す
governance	統治・ガバナンス	無政府	混乱	放置
governor	知事・長官	市民	平社員	囚人
grace	優雅さ・気品	不作法	下品	不器用
graceful	優雅な	不器用な	無骨な	品のない
gradual	徐々の・ゆるやかな	急激な	一瞬の	劇的な
gradually	徐々に	一気に	急に	突然
graduate	卒業する・卒業生	入学する	中退する	留年する
graduation	卒業	入学	中退	休学
grain	穀物・粒	肉	液体	塊
grammar	文法	発音	語彙	スペル
grammatical	文法上の	非文法的な	発音の	意味の
grand	雄大な・豪華な	ちっぽけな	みすぼらしい	粗末な
grant	を授与する・認める	を奪う	を拒絶する	を保留する
graph	グラフ・図表	文章	写真	音声
graphic	生々しい・グラフィック	曖昧な	文章のみの	抽象的な
grasp	を握る・理解する	を手放す	を誤解する	を見落とす
grasshopper	バッタ	アリ	ハチ	クモ
grateful	感謝している	恩を仇で返す	不満な	不服な
gratitude	感謝の気持ち	不満	恨み	無関心
grave	墓・重大な	生家	些細な	陽気な
gravity	重力・重大さ	無重力	軽率	浮力
greed	強欲・貪欲	無欲	施し	満足
greedy	欲張りな	無欲な	満足した	質素な
greenhouse	温室	冷蔵庫	屋外	物置
greet	にあいさつする	を無視する	を避ける	を追い払う
greeting	あいさつ	無視	別れ	沈黙
grief	深い悲しみ	歓喜	喜び	興奮
grieve	深く悲しむ	喜ぶ	祝う	楽しむ
grim	厳格な・気味の悪い	陽気な	和やかな	親しみやすい
grin	にっこり笑う	眉をひそめる	泣く	怒る
grind	を挽く・すりつぶす	を組み立てる	を固める	を膨らませる
grip	をしっかり握る・グリップ	を手放す	を滑らせる	を落とす
groan	うめく・唸り声	歓声をあげる	笑う	歌う
grocery	食料雑貨・スーパー	衣料品店	電気屋	書店
groom	花婿・を手入れする	花嫁	を放置する	を汚す
gross	総計の・気持ち悪い	純粋な	美しい	一部の
guarantee	を保証する・保証書	を疑う	を否定する	を破棄する
guard	を警備する・警備員	を攻撃する	を襲う	泥棒
guardian	保護者・監護人	侵入者	敵	容疑者
guidance	指導・案内	放置	放置	迷走
guideline	指針・ガイドライン	妨害	例外	禁止令
guilt	罪悪感・有罪	無罪	潔白	誇り
guilty	有罪の・罪の意識がある	無罪の	潔白な	誇らしい
gulf	湾・大きな隔たり	陸地	密着	一致
gut	腸・ガッツ・根性	頭脳	臆病	皮膚
gymnastics	体操・体操競技	水泳	陸上	球技
habitat	生息地・自生地	人工施設	宇宙	ラボ
habitual	習慣的な・いつもの	一時的な	滅多にない	初体験の
hail	ひょう・を称賛する	快晴	をけなす	を無視する
halt	停止する・を止める	発進する	加速する	継続する
handbook	案内書・ハンドブック	小説	日記	論文
handicap	ハンディキャップ・障害	アドバンテージ	有利	特権
handicraft	手芸・工芸品	大量生産品	機械製品	デジタル製品
handle	を扱う・取っ手	を放置する	を回避する	を投げ出す
handy	便利な・手元にある	不便な	遠くにある	使いにくい
hang	を掛ける・ぶら下がる	を落とす	を置く	を外す
harass	を嫌がらせする	を励ます	を保護する	を敬う
harassment	嫌がらせ・ハラスメント	支援	保護	尊重
harbor	港・を心に抱く	山頂	を忘れる	を捨てる
hardly	ほとんど〜ない	常に	完全に	よく
hardship	苦難・困窮	裕福	快適	繁栄
hardware	ハードウェア・金物	ソフトウェア	衣類	紙類
harm	害・損害	益	保護	回復
harmful	有害な	無害な	有益な	健康的な
harmless	無害な	有害な	危険な	猛毒の
harmony	調和・ハーモニー	不和	不協和音	対立
harmonious	調和した・和やかな	対立した	不協和音の	刺々しい
harsh	厳しい・過酷な	穏やかな	優しい	快適な
harvest	収穫・を収穫する	種まき	不作	植え付け
hasten	を急がせる・急ぐ	を遅らせる	を停滞させる	をのんびりやる
hasty	急な・軽率な	慎重な	ゆっくりの	思慮深い
hatred	憎しみ・憎悪	愛	慈悲	親愛
haul	を引っぱる・運搬する	を押す	を放置する	を落とす
haunt	（幽霊が）出没する・につきまとう	を去る	を忘れる	を保護する
hazard	危険・危険要因	安全	保護	安心
hazardous	危険な・有害な	安全な	無害な	保護された